{"cameraMode":{"drawMode":0,"name":"Shaded","section":"Shading Mode"},"sceneLighting":true,"audioPlay":false,"sceneViewState":{"showFog":true,"showMaterialUpdate":false,"showSkybox":true,"showFlares":true,"showImageEffects":true,"showParticleSystems":true},"in2DMode":false,"pivot":{"x":6.6511030197143559,"y":4.903615474700928,"z":-11.722509384155274},"rotation":{"x":0.30959177017211916,"y":-0.28197816014289858,"z":0.09667988866567612,"w":0.9029364585876465},"size":9.802611351013184,"orthographic":false}